,City_Name,Lat,Lon,Max_Temp,Humidity,Clouds,Wind_Speed,Country,Date
0,Mitsamiouli,-11.38,43.28,79.72,82,1,11.74,KM,1602534438
1,Balkhash,46.84,74.98,47.21,63,0,3.94,KZ,1602534438
2,Alofi,-19.06,-169.92,75.2,73,75,18.34,NU,1602534438
3,Salalah,17.02,54.09,78.8,78,84,3.36,OM,1602534438
4,Ushuaia,-54.8,-68.3,44.6,70,75,5.82,AR,1602534438
5,Seoul,37.57,126.98,51.8,66,1,5.06,KR,1602534159
6,Araouane,18.9,-3.53,97.39,19,45,13.87,ML,1602534439
7,Daru,-9.08,143.21,78.94,85,100,14.34,PG,1602534439
8,Vengerovo,55.68,76.75,43.88,92,71,10.36,RU,1602534439
9,Hobart,-42.88,147.33,48.2,61,20,8.05,AU,1602534360
10,Morant Bay,17.88,-76.41,87.8,74,40,17.22,JM,1602534439
11,Dunedin,-45.87,170.5,50.0,78,27,11.01,NZ,1602534439
12,Rio das Pedras,-22.84,-47.61,91.0,20,2,9.17,BR,1602534440
13,Lebu,-37.62,-73.65,53.06,74,0,20.09,CL,1602534440
14,Popondetta,-8.75,148.25,73.29,84,49,2.35,PG,1602534440
15,Bredasdorp,-34.53,20.04,59.0,82,32,14.99,ZA,1602534340
16,Ribeira Grande,38.52,-28.7,68.0,72,75,10.29,PT,1602534440
17,Freeport,40.66,-73.58,55.0,93,90,11.41,US,1602534212
18,Leningradskiy,69.38,178.42,20.75,90,63,5.06,RU,1602534440
19,Kapaa,22.08,-159.32,82.4,78,75,10.29,US,1602534440
20,Progreso,21.28,-89.67,93.99,59,75,4.7,MX,1602534441
21,Chardara,41.25,67.97,53.55,39,0,9.08,KZ,1602534441
22,Hermanus,-34.42,19.23,57.99,87,3,3.0,ZA,1602534441
23,Cabedelo,-6.98,-34.83,80.6,69,20,11.41,BR,1602534441
24,Teguise,29.06,-13.56,77.0,61,14,12.75,ES,1602534441
25,Kaitangata,-46.28,169.85,51.01,82,24,5.99,NZ,1602534441
26,Mill Valley,37.91,-122.55,82.4,28,1,4.7,US,1602534442
27,Rikitea,-23.12,-134.97,74.05,76,24,16.53,PF,1602534442
28,Tasiilaq,65.61,-37.64,39.2,80,100,11.41,GL,1602534442
29,Bambous Virieux,-20.34,57.76,73.0,88,20,5.82,MU,1602534442
30,Pemangkat,1.17,108.97,76.73,86,100,4.59,ID,1602534442
31,Punta Arenas,-53.15,-70.92,51.8,71,100,28.86,CL,1602534442
32,Atar,20.52,-13.05,94.12,29,11,12.55,MR,1602534443
33,Gizo Government Station,-8.1,156.84,83.61,79,94,13.56,SB,1602534443
34,Cabo San Lucas,22.89,-109.91,84.0,74,90,4.7,MX,1602534320
35,São Filipe,14.9,-24.5,78.33,77,16,10.87,CV,1602534443
36,Porosozero,62.72,32.73,42.69,96,100,4.97,RU,1602534443
37,Atuona,-9.8,-139.03,78.26,74,40,15.26,PF,1602534443
38,Port Elizabeth,-33.92,25.57,55.4,87,87,2.24,ZA,1602534400
39,Nemuro,43.32,145.57,61.41,96,100,27.22,JP,1602534444
40,Mount Isa,-20.73,139.5,75.2,31,27,6.93,AU,1602534444
41,Jamestown,42.1,-79.24,61.0,82,90,18.34,US,1602534252
42,Riyadh,24.69,46.72,73.4,18,0,5.82,SA,1602534280
43,Busselton,-33.65,115.33,55.99,64,96,9.1,AU,1602534444
44,Hilo,19.73,-155.09,84.2,62,75,4.7,US,1602534190
45,Nadym,65.53,72.52,36.43,83,78,8.88,RU,1602534445
46,Lompoc,34.64,-120.46,91.99,33,1,13.87,US,1602534289
47,Ugoofaaru,5.67,73.0,82.62,77,100,22.93,MV,1602534445
48,Ixtapa,20.7,-105.2,89.6,62,75,6.93,MX,1602534445
49,Athabasca,54.72,-113.29,43.27,64,94,16.22,CA,1602534445
50,Palāsa,18.77,84.42,80.1,88,100,16.62,IN,1602534445
51,Bluff,-46.6,168.33,50.0,84,65,7.0,NZ,1602534445
52,Butaritari,3.07,172.79,81.99,74,1,18.32,KI,1602534446
53,Belle Fourche,44.67,-103.85,70.0,27,1,17.22,US,1602534446
54,Mataura,-46.19,168.86,50.0,84,47,7.0,NZ,1602534446
55,Saint George,37.1,-113.58,82.0,15,1,3.69,US,1602534276
56,Simao,22.79,100.97,59.4,85,20,1.99,CN,1602534446
57,Barrow,71.29,-156.79,23.0,85,90,4.7,US,1602534446
58,Albany,42.6,-73.97,55.99,54,95,8.52,US,1602534302
59,Kruisfontein,-34.0,24.73,58.15,60,99,4.07,ZA,1602534447
60,Cape Town,-33.93,18.42,59.0,76,12,4.7,ZA,1602534286
61,Upernavik,72.79,-56.15,31.3,97,20,9.1,GL,1602534447
62,East London,-33.02,27.91,61.63,75,2,13.76,ZA,1602534447
63,Tingo María,-9.29,-76.01,91.4,43,20,4.7,PE,1602534447
64,Kavieng,-2.57,150.8,82.27,71,2,4.27,PG,1602534447
65,Krasnogorsk,55.82,37.32,55.0,87,90,4.47,RU,1602534448
66,Ponta do Sol,32.67,-17.1,71.6,68,20,13.87,PT,1602534448
67,Vaini,-21.2,-175.2,75.2,64,20,12.75,TO,1602534448
68,Khatanga,71.97,102.5,24.98,98,95,13.4,RU,1602534448
69,Kaoma,-14.78,24.8,68.7,72,99,10.92,ZM,1602534448
70,Grand Gaube,-20.01,57.66,73.0,80,0,5.99,MU,1602534448
71,Mafinga,-7.25,35.07,74.17,55,0,6.13,TZ,1602534449
72,Mahibadhoo,3.78,72.97,82.09,78,100,20.56,MV,1602534449
73,Panalingaan,8.78,117.42,79.77,79,100,4.47,PH,1602534449
74,Assiut,27.18,31.18,82.4,45,1,10.29,EG,1602534449
75,Baykit,61.67,96.37,23.22,87,84,2.77,RU,1602534450
76,Yeppoon,-23.13,150.73,64.4,82,40,6.93,AU,1602534450
77,North Bend,43.41,-124.22,72.0,72,20,8.05,US,1602534450
78,Puerto Ayora,-0.74,-90.35,80.6,61,20,24.16,EC,1602534450
79,Petropavlovka,50.61,105.32,22.33,77,0,1.99,RU,1602534450
80,Kavaratti,10.57,72.64,81.55,80,100,18.88,IN,1602534450
81,Khovd,48.01,91.64,33.13,83,78,2.82,MN,1602534450
82,Witu,-2.39,40.44,76.23,87,2,8.03,KE,1602534451
83,Bud,39.45,-86.18,73.4,69,90,8.05,US,1602534451
84,Namatanai,-3.67,152.43,79.77,81,51,5.82,PG,1602534226
85,Kasulu,-4.58,30.1,71.6,94,76,3.27,TZ,1602534451
86,Oranjemund,-28.55,16.43,61.3,67,64,11.14,NA,1602534451
87,Tondano,1.3,124.91,75.2,94,40,2.24,ID,1602534451
88,George Town,5.41,100.34,77.0,88,20,3.36,MY,1602534452
89,Labuhan,-6.88,112.21,79.59,77,82,5.68,ID,1602534452
90,Olafsvik,64.89,-23.71,44.78,79,92,8.1,IS,1602534452
91,Champerico,14.3,-91.92,93.2,59,40,6.93,GT,1602534452
92,Port Macquarie,-31.43,152.92,59.0,100,4,3.36,AU,1602534452
93,Carauari,-4.88,-66.9,84.7,61,100,8.16,BR,1602534453
94,Itarema,-2.92,-39.92,80.69,72,0,17.98,BR,1602534453
95,Masvingo,-20.06,30.83,59.34,91,100,9.98,ZW,1602534453
96,Guaraniaçu,-25.1,-52.88,82.26,33,0,4.05,BR,1602534453
97,Longhua,23.61,114.19,70.74,78,59,3.38,CN,1602534453
98,Avarua,-21.21,-159.78,71.6,88,79,9.17,CK,1602534454
99,Yellowknife,62.46,-114.35,35.6,69,90,20.8,CA,1602534454
100,Port Hardy,50.7,-127.42,51.8,87,75,12.75,CA,1602534454
101,Fare,-16.7,-151.02,79.32,78,0,15.64,PF,1602534454
102,Provideniya,64.38,-173.3,32.0,90,100,8.95,RU,1602534454
103,Simpang,-1.27,104.08,74.23,97,100,2.26,ID,1602534454
104,Asău,46.43,26.4,60.01,95,100,2.46,RO,1602534454
105,Kirovskiy,45.09,133.51,36.88,78,0,1.25,RU,1602534455
106,Beringovskiy,63.05,179.32,28.06,97,100,15.05,RU,1602534230
107,Walvis Bay,-22.96,14.51,55.99,87,0,8.05,NA,1602534455
108,Kirakira,-10.45,161.92,81.3,83,67,12.08,SB,1602534455
109,Kita,13.03,-9.49,77.56,77,99,3.36,ML,1602534455
110,Bilma,18.69,12.92,87.3,16,0,5.12,NE,1602534455
111,Qaanaaq,77.48,-69.36,33.1,91,100,4.52,GL,1602534272
112,Taveta,-3.4,37.67,69.8,52,20,8.05,KE,1602534456
113,Juneau,58.3,-134.42,48.2,81,75,6.93,US,1602534456
114,Kieta,-6.22,155.63,79.79,76,97,5.73,PG,1602534456
115,Dashitou,43.31,128.51,31.64,90,0,4.41,CN,1602534456
116,Kahului,20.89,-156.47,89.6,49,40,5.82,US,1602534457
117,Pontes e Lacerda,-15.23,-59.34,84.33,53,75,3.56,BR,1602534457
118,Serabu,7.8,-12.05,75.04,94,100,3.47,SL,1602534457
119,Oktyabr'skoye,43.06,44.74,44.6,93,39,6.71,RU,1602534457
120,Flin Flon,54.77,-101.86,41.0,60,75,23.04,CA,1602534457
121,East Wenatchee Bench,47.43,-120.28,64.99,38,1,16.11,US,1602534457
122,Bethel,41.37,-73.41,54.0,71,90,17.22,US,1602534458
123,Kendari,-3.94,122.5,74.43,90,100,2.28,ID,1602534458
124,Chokurdakh,70.63,147.92,16.45,97,55,3.31,RU,1602534170
125,Sørland,67.67,12.69,42.8,81,20,5.82,NO,1602534458
126,Yashkul',46.17,45.34,57.49,74,0,11.07,RU,1602534458
127,Vao,-22.67,167.48,73.4,88,100,17.78,NC,1602534459
128,Kosh-Agach,50.0,88.67,26.46,86,100,4.27,RU,1602534459
129,Tuktoyaktuk,69.45,-133.04,23.0,62,90,19.46,CA,1602534449
130,Baruun-Urt,46.68,113.28,19.69,81,0,10.85,MN,1602534459
131,Cayenne,4.93,-52.33,86.0,62,0,11.41,GF,1602534459
132,Bengkulu,-3.8,102.27,75.02,91,46,3.83,ID,1602534336
133,Dikson,73.51,80.55,33.39,85,100,17.9,RU,1602534460
134,‘Āhuimanu,21.44,-157.84,82.4,74,75,5.82,US,1602534460
135,Keti Bandar,24.14,67.45,84.52,50,68,7.11,PK,1602534460
136,Sisophon,13.59,102.97,71.78,94,100,5.06,KH,1602534460
137,Santa Maria,-29.68,-53.81,73.11,56,0,8.84,BR,1602534460
138,Misungwi,-2.85,33.08,73.4,78,20,11.41,TZ,1602534460
139,Geraldton,-28.77,114.6,60.8,93,75,4.7,AU,1602534461
140,Lipari,38.47,14.95,62.01,66,90,3.0,IT,1602534461
141,Norman,35.22,-97.44,75.99,19,1,13.87,US,1602534330
142,Spirit River,55.78,-118.84,46.4,49,75,16.11,CA,1602534461
143,Kulhudhuffushi,6.62,73.07,83.07,76,98,23.49,MV,1602534461
144,Port Alfred,-33.59,26.89,61.34,72,36,7.47,ZA,1602534461
145,Mahina,-17.51,-149.49,86.0,62,20,14.99,PF,1602534461
146,Kodinsk,58.69,99.18,18.36,93,100,3.31,RU,1602534462
147,Kidal,18.44,1.41,93.99,13,31,8.97,ML,1602534462
148,Thunder Bay,48.4,-89.32,48.2,93,90,9.17,CA,1602534462
149,Aklavik,68.22,-135.01,23.0,67,75,10.29,CA,1602534243
150,Ibrā’,22.69,58.53,76.42,28,0,7.99,OM,1602534462
151,Arraial do Cabo,-22.97,-42.03,73.4,69,48,20.8,BR,1602534462
152,Makanya,-4.37,37.83,74.05,68,33,4.23,TZ,1602534463
153,Peniche,39.36,-9.38,59.0,82,0,1.99,PT,1602534446
154,Lüderitz,-26.65,15.16,63.27,55,0,14.7,NA,1602534463
155,Butembo,0.15,29.28,57.2,100,97,2.64,CD,1602534463
156,El Limon,10.31,-67.63,80.82,73,79,2.08,VE,1602534463
157,Eyl,7.98,49.82,79.36,81,85,8.95,SO,1602534463
158,Castro,-24.79,-50.01,77.54,48,0,3.11,BR,1602534279
159,Luzhou,28.87,105.44,63.88,88,100,1.23,CN,1602534464
160,Zhangye,38.93,100.45,41.59,54,0,1.25,CN,1602534464
161,Virginia Beach,36.85,-75.98,80.01,78,90,6.93,US,1602533640
162,Lalibela,12.03,39.03,56.53,57,26,7.58,ET,1602534464
163,Chittarkonda,18.12,82.08,72.48,95,100,2.86,IN,1602534464
164,Port-Cartier,50.03,-66.87,43.0,60,75,13.87,CA,1602534464
165,Roald,62.58,6.13,46.4,75,20,13.87,NO,1602534464
166,Tazovsky,67.47,78.7,34.43,98,100,15.64,RU,1602534465
167,Havøysund,71.0,24.66,39.2,80,75,11.41,NO,1602534465
168,Ginir,7.13,40.7,60.08,69,2,7.87,ET,1602534465
169,Tiksi,71.69,128.87,9.18,93,11,5.48,RU,1602534465
170,Ejea de los Caballeros,42.13,-1.14,57.2,62,92,11.41,ES,1602534465
171,Kokstad,-30.55,29.42,51.08,74,1,3.65,ZA,1602534465
172,Baoning,25.34,110.03,64.4,88,20,4.47,CN,1602534465
173,Saskylakh,71.92,114.08,17.83,96,100,8.08,RU,1602534466
174,Ponca City,36.71,-97.09,75.2,19,1,9.78,US,1602534343
175,Lavrentiya,65.58,-171.0,31.82,92,72,14.99,RU,1602534466
176,Rongcheng,30.63,117.85,59.14,87,0,3.49,CN,1602534466
177,Solnechnyy,50.72,136.63,32.97,94,40,2.17,RU,1602534466
178,New Norfolk,-42.78,147.06,44.01,65,22,1.99,AU,1602534466
179,Al Bardīyah,31.76,25.09,72.63,69,0,12.66,LY,1602534466
180,Chui,-33.7,-53.46,60.17,77,74,7.54,UY,1602534467
181,Winneba,5.35,-0.62,78.8,88,40,13.87,GH,1602534467
182,Vila Franca do Campo,37.72,-25.43,66.2,77,40,6.93,PT,1602534467
183,Hithadhoo,-0.6,73.08,82.09,71,26,11.25,MV,1602534467
184,Petropavlovsk-Kamchatskiy,53.05,158.65,26.6,73,55,6.71,RU,1602534467
185,Gwadar,25.12,62.33,77.02,24,0,23.6,PK,1602534467
186,Constitución,-35.33,-72.42,65.17,51,0,17.02,CL,1602534467
187,Tupik,54.43,119.93,22.08,93,100,8.95,RU,1602534468
188,Carnarvon,-24.87,113.63,66.2,93,40,12.75,AU,1602534369
189,Tomatlán,19.93,-105.25,88.97,61,47,7.61,MX,1602534468
190,Husavik,66.04,-17.34,41.0,75,7,6.93,IS,1602534468
191,Troitsko-Pechorsk,62.71,56.2,43.02,93,100,6.6,RU,1602534468
192,Havre-St-Pierre,50.23,-63.6,42.8,60,1,18.34,CA,1602534468
193,Hamilton,39.18,-84.53,75.99,69,90,11.41,US,1602534370
194,Flinders,-34.58,150.86,59.0,85,0,1.01,AU,1602534442
195,‘Ewa Beach,21.32,-158.01,78.8,83,20,12.08,US,1602534469
196,Pauini,-7.71,-66.98,91.22,45,95,2.01,BR,1602534469
197,Djambala,-2.54,14.75,68.88,93,75,2.35,CG,1602534469
198,Springbok,-29.66,17.89,60.78,31,89,3.13,ZA,1602534469
199,Te Anau,-45.42,167.72,45.86,88,52,1.61,NZ,1602534470
200,Evans,33.53,-82.13,80.01,74,90,4.7,US,1602534470
201,Nyurba,63.28,118.33,17.56,91,0,4.47,RU,1602534470
202,Jalu,29.03,21.55,79.81,29,0,9.62,LY,1602534470
203,Oneonta,42.45,-75.06,54.0,66,92,4.0,US,1602534470
204,Benguela,-12.58,13.41,74.19,76,100,5.91,AO,1602534470
205,Mīrābād,30.44,61.84,55.33,38,0,20.2,AF,1602534470
206,Esmeraldas,-19.76,-44.31,75.2,64,40,12.75,BR,1602534471
207,Saldanha,-33.01,17.94,59.0,82,72,6.93,ZA,1602534471
208,Hoi An,15.88,108.33,75.2,100,75,3.36,VN,1602534471
209,Margate,51.38,1.39,52.0,95,100,1.01,GB,1602534471
210,Saint-Philippe,-21.36,55.77,71.6,73,20,2.24,RE,1602534275
211,Westport,41.14,-73.36,55.99,87,100,15.57,US,1602534471
212,Mount Gambier,-37.83,140.77,53.6,87,90,5.82,AU,1602534472
213,Thompson,55.74,-97.86,42.8,70,75,17.22,CA,1602534472
214,Saint-Joseph,-21.37,55.62,71.6,73,20,2.24,RE,1602534472
215,Xai-Xai,-25.05,33.64,62.31,87,5,1.83,MZ,1602534472
216,Praxédis Guerrero,31.37,-106.02,80.6,11,5,13.87,MX,1602534472
217,Kollam,8.88,76.6,80.6,94,40,4.7,IN,1602534363
218,Karratha,-20.74,116.85,76.06,40,0,10.02,AU,1602534472
219,Pamanukan,-6.28,107.81,80.49,72,100,4.18,ID,1602534473
220,Goma,-1.68,29.22,64.26,77,99,4.47,CD,1602534473
221,Waconia,44.85,-93.79,64.99,39,0,3.0,US,1602534473
222,Sitka,57.05,-135.33,50.0,66,90,8.05,US,1602534473
223,Douentza,15.0,-2.95,92.23,23,100,0.63,ML,1602534473
224,Porto-Novo,6.5,2.6,80.6,88,40,13.87,BJ,1602534473
225,Conde,-7.26,-34.91,80.6,69,20,11.41,BR,1602534474
226,Kismayo,-0.36,42.55,78.26,81,0,11.99,SO,1602534474
227,Suntar,62.14,117.63,18.55,91,0,5.01,RU,1602534474
228,San Vicente,-26.62,-54.13,87.6,20,0,4.56,AR,1602534474
229,Nizhnyaya Omka,55.43,74.94,45.34,90,84,8.01,RU,1602534474
230,Mersing,2.43,103.84,77.0,94,100,3.36,MY,1602534474
231,Buala,-8.14,159.59,82.31,80,97,8.19,SB,1602534474
232,Samarai,-10.62,150.67,79.29,90,96,8.5,PG,1602534475
233,Bandarbeyla,9.49,50.81,78.8,83,18,6.76,SO,1602534475
234,Ginda,30.69,78.49,59.72,52,0,5.37,IN,1602534475
235,Mar del Plata,-38.0,-57.56,60.8,72,20,10.29,AR,1602534475
236,Souillac,-20.52,57.52,71.6,88,20,5.82,MU,1602534475
237,Port Hawkesbury,45.62,-61.35,48.99,61,1,6.93,CA,1602534476
238,Abapó,-18.83,-63.47,97.79,19,58,6.51,BO,1602534476
239,Grão Mogol,-16.56,-42.89,79.66,55,33,6.82,BR,1602534476
240,Yenagoa,4.92,6.26,75.72,93,2,4.61,NG,1602534476
241,Kaeo,-35.1,173.78,63.0,96,100,13.0,NZ,1602534476
242,Pochutla,15.74,-96.47,93.0,55,40,6.22,MX,1602534476
243,Korem,12.51,39.52,57.97,63,34,5.21,ET,1602534476
244,Bubaque,11.28,-15.83,83.64,77,47,10.27,GW,1602534477
245,High Level,58.52,-117.14,41.0,73,75,11.41,CA,1602534244
246,Abadan,38.05,58.21,50.0,46,0,4.7,TM,1602534477
247,Hong Kong,22.29,114.16,79.0,84,100,3.0,HK,1602534441
248,Vardø,70.37,31.11,41.0,86,75,8.05,NO,1602534477
249,Pedra Branca,-5.45,-39.72,90.5,22,2,5.21,BR,1602534477
250,Moba,33.23,105.02,42.98,88,100,3.58,CN,1602534477
251,Mehamn,71.04,27.85,35.6,100,75,2.24,NO,1602534477
252,San Patricio,28.02,-97.52,93.99,55,40,5.82,US,1602534478
253,Macaé,-22.37,-41.79,73.4,69,26,20.8,BR,1602534478
254,Majene,-3.54,118.97,77.85,85,85,9.73,ID,1602534478
255,Ulladulla,-35.35,150.47,62.6,63,1,14.99,AU,1602534478
256,Clyde River,70.47,-68.59,32.0,97,90,6.93,CA,1602534478
257,Cartagena del Chairá,1.33,-74.84,86.76,56,75,3.06,CO,1602534478
258,Dori,14.04,-0.03,93.52,25,0,4.36,BF,1602534478
259,Québec,46.81,-71.21,53.01,47,5,9.17,CA,1602534187
260,Iqaluit,63.75,-68.51,28.4,74,40,18.34,CA,1602534479
261,Touros,-5.2,-35.46,80.6,74,40,8.05,BR,1602534479
262,Amapá,1.0,-52.0,93.11,35,99,3.11,BR,1602534479
263,Rapid Valley,44.06,-103.15,69.01,22,20,9.17,US,1602534315
264,Gemeente Wageningen,51.97,5.67,48.99,100,90,3.36,NL,1602534480
265,Mana,5.66,-53.78,84.36,71,26,11.48,GF,1602534365
266,Longyearbyen,78.22,15.64,21.2,73,20,8.05,SJ,1602534480
267,Hasaki,35.73,140.83,68.0,100,75,3.36,JP,1602534480
268,Mushābani,22.52,86.45,77.29,85,94,1.81,IN,1602534480
269,Gamba,-2.65,10.0,76.21,83,100,9.4,GA,1602534480
270,Dauriya,49.93,116.87,25.39,87,62,12.28,RU,1602534481
271,Caernarfon,53.14,-4.27,53.6,76,49,11.41,GB,1602534481
272,Anloga,5.79,0.9,80.6,83,40,12.75,GH,1602534481
273,Bathurst,-33.42,149.58,42.01,94,0,1.52,AU,1602534481
274,Novokayakent,42.39,47.99,55.4,87,0,11.18,RU,1602534481
275,Gorontalo,0.54,123.06,75.99,86,74,1.61,ID,1602534481
276,Rio Grande,-32.03,-52.1,63.07,75,87,13.18,BR,1602534281
277,Fairbanks,64.84,-147.72,28.4,50,40,6.93,US,1602534346
278,Ancud,-41.87,-73.82,62.01,62,28,6.93,CL,1602534482
279,Mahébourg,-20.41,57.7,71.6,88,20,5.82,MU,1602534482
280,Byron Bay,-28.65,153.62,57.2,93,40,4.29,AU,1602534303
281,Padang,-0.95,100.35,79.29,75,100,3.67,ID,1602534482
282,Bengaluru,12.98,77.6,69.8,100,75,9.17,IN,1602534211
283,Pangnirtung,66.15,-65.71,35.6,64,75,13.87,CA,1602534189
284,Henties Bay,-22.12,14.28,55.99,88,0,4.0,NA,1602534483
285,Cherskiy,68.75,161.3,17.96,89,20,8.5,RU,1602534483
286,La Ronge,55.1,-105.28,41.0,60,75,20.8,CA,1602534483
287,Dauphin,51.15,-100.05,55.4,30,1,28.86,CA,1602534483
288,Moses Lake,47.13,-119.28,66.2,32,1,8.5,US,1602534483
289,Hofn,64.25,-15.21,44.6,87,75,5.82,IS,1602534483
290,Yar-Sale,66.83,70.83,31.89,94,93,4.85,RU,1602534483
291,Belmonte,-15.86,-38.88,71.6,94,90,3.36,BR,1602534484
292,Pisco,-13.7,-76.22,71.6,60,8,16.11,PE,1602534484
293,Tuy Hoa,13.08,109.3,76.77,89,100,6.82,VN,1602534484
294,Norman Wells,65.28,-126.83,24.8,73,75,10.29,CA,1602534368
295,Lakhdenpokh'ya,61.52,30.2,46.0,93,100,4.76,RU,1602534484
296,Chikwawa,-16.03,34.8,76.5,69,43,8.7,MW,1602534484
297,Grindavik,63.84,-22.43,41.0,100,75,2.24,IS,1602534485
298,Sobolevo,54.43,31.9,50.79,92,66,5.64,RU,1602534485
299,Hay River,60.82,-115.8,35.6,80,75,18.34,CA,1602534485
300,Porkhov,57.77,29.56,44.6,93,100,2.24,RU,1602534485
301,Caravelas,-17.71,-39.25,74.84,80,100,7.74,BR,1602534485
302,Sebnitz,50.98,14.28,43.0,83,0,2.53,DE,1602534486
303,Kokopo,-4.35,152.26,77.02,83,4,5.55,PG,1602534486
304,Deer Lake,49.17,-57.43,44.6,71,75,14.99,CA,1602534460
305,Honningsvåg,70.98,25.97,39.2,80,75,11.41,NO,1602534486
306,Bukama,-9.2,25.85,70.36,87,100,6.89,CD,1602534486
307,Sennar,13.57,33.57,87.01,35,59,8.59,SD,1602534486
308,Ponta Delgada,37.73,-25.67,66.2,77,40,6.93,PT,1602534487
309,Vanimo,-2.67,141.3,78.58,87,100,5.39,PG,1602534487
310,San Isidro,-12.12,-77.05,66.2,72,75,12.75,PE,1602534487
311,Sarakhs,36.54,61.16,50.0,39,0,2.24,IR,1602534487
312,Singaparna,-7.35,108.11,71.42,90,100,1.66,ID,1602534487
313,Kysyl-Syr,63.9,122.76,18.95,90,68,8.86,RU,1602534487
314,Shubarshi,48.59,57.19,48.51,43,0,5.73,KZ,1602534487
315,Bowen,-20.02,148.23,64.4,88,40,5.82,AU,1602534488
316,Airai,-8.93,125.41,59.11,84,46,3.33,TL,1602534488
317,Rawson,-43.3,-65.1,75.24,20,8,8.46,AR,1602534488
318,Port Lincoln,-34.73,135.87,57.58,93,6,7.02,AU,1602534488
319,Coquimbo,-29.95,-71.34,57.2,76,75,10.29,CL,1602534209
320,Løding,67.3,14.75,41.0,93,75,4.7,NO,1602534488
321,Mandan,46.83,-100.89,62.6,30,90,14.99,US,1602534416
322,At-Bashi,41.17,75.81,35.2,76,1,2.55,KG,1602534489
323,Sioux Lookout,50.1,-91.92,48.2,70,75,10.29,CA,1602534489
324,Klaksvík,62.23,-6.59,44.6,75,62,14.99,FO,1602534489
325,Olinda,-8.01,-34.86,82.4,65,40,10.29,BR,1602534489
326,Cidreira,-30.18,-50.21,67.46,74,0,6.78,BR,1602534489
327,Nikolskoye,59.7,30.79,48.99,87,100,2.24,RU,1602534262
328,Raudeberg,61.99,5.14,48.99,81,0,18.07,NO,1602534489
329,Kwang Binh,17.48,106.6,79.11,85,100,18.03,VN,1602534490
330,Farsala,39.29,22.38,73.4,60,40,10.29,GR,1602534490
331,Fort Nelson,58.81,-122.7,39.2,86,90,5.82,CA,1602534490
332,Qasigiannguit,68.82,-51.19,33.8,69,75,6.93,GL,1602534490
333,Malumfashi,11.79,7.62,78.91,40,0,6.17,NG,1602534490
334,Ruteng,-8.61,120.47,61.92,100,100,1.21,ID,1602534491
335,Necochea,-38.55,-58.74,54.0,84,0,4.0,AR,1602534337
336,Ossora,59.24,163.07,33.39,80,0,1.95,RU,1602534491
337,Hohhot,40.81,111.65,30.2,68,0,4.47,CN,1602534491
338,Izberbash,42.57,47.86,55.4,87,0,11.18,RU,1602534491
339,Talnakh,69.49,88.4,28.4,92,40,20.13,RU,1602534491
340,Katsuura,35.13,140.3,71.01,100,75,5.73,JP,1602534491
341,Lázaro Cárdenas,17.96,-102.2,86.99,62,31,7.52,MX,1602534492
342,Anjiang,27.32,110.1,62.56,87,37,2.68,CN,1602534492
343,Ilulissat,69.22,-51.1,33.8,69,75,6.93,GL,1602534341
344,Broome,42.25,-75.83,51.01,81,90,11.41,US,1602534492
345,Nishihara,26.18,127.76,77.0,78,40,8.05,JP,1602534492
346,Korla,41.76,86.15,48.85,46,56,5.32,CN,1602534492
347,Derzhavīnsk,51.1,66.32,47.05,61,68,5.03,KZ,1602534493
348,Sásd,46.26,18.11,46.4,85,100,9.62,HU,1602534493
349,Rocha,-34.48,-54.33,59.36,78,50,15.1,UY,1602534493
350,Turukhansk,65.82,87.98,22.82,97,100,12.12,RU,1602534493
351,Kinablangan,7.69,126.55,79.03,80,97,4.9,PH,1602534493
352,Hargeisa,9.56,44.06,71.26,51,0,8.14,SO,1602534493
353,Glenwood Springs,39.55,-107.32,64.99,33,1,14.99,US,1602534410
354,College,64.86,-147.8,28.4,46,75,9.17,US,1602534494
355,Malakal,9.53,31.66,74.64,82,3,2.57,SS,1602534494
356,Yellandu,17.6,80.33,74.05,97,100,5.35,IN,1602534494
357,Codrington,-38.27,141.97,53.87,85,100,9.84,AU,1602534494
358,Los Llanos de Aridane,28.66,-17.92,75.2,78,91,11.41,ES,1602534494
359,Todos Santos,23.45,-110.22,79.0,87,100,1.01,MX,1602534494
360,Kristoni,40.96,22.86,70.0,82,16,8.99,GR,1602534494
361,Blagaj,43.26,17.89,50.0,81,90,14.99,BA,1602534495
362,Lagoa,39.05,-27.98,68.76,73,16,17.83,PT,1602534495
363,Pevek,69.7,170.31,24.94,95,100,11.77,RU,1602534476
364,Chernyshevskiy,63.01,112.47,21.96,97,93,9.64,RU,1602534495
365,Ust-Tsilma,65.44,52.15,42.55,95,100,3.67,RU,1602534495
366,Neiafu,-18.65,-173.98,77.0,69,75,13.87,TO,1602534495
367,Najrān,17.49,44.13,71.6,30,0,0.54,SA,1602534495
368,Ngunguru,-35.62,174.5,63.0,96,100,13.0,NZ,1602534496
369,Petukhovo,55.07,67.9,44.58,88,42,6.58,RU,1602534496
370,Puerto Colombia,10.99,-74.95,80.6,83,75,5.82,CO,1602534496
371,Hirara,24.8,125.28,78.82,86,68,20.09,JP,1602534496
372,Yerbogachën,61.28,108.01,24.64,87,100,8.72,RU,1602534496
373,Ondjiva,-17.07,15.73,75.81,16,0,7.0,AO,1602534496
374,Avera,33.19,-82.53,80.6,78,90,5.82,US,1602534496
375,Sun Valley,39.6,-119.78,77.0,8,1,9.17,US,1602534479
376,Obo,5.4,26.49,68.9,87,80,3.13,CF,1602534497
377,Almaznyy,48.04,40.05,62.6,63,9,11.18,RU,1602534497
378,Hailey,43.52,-114.32,55.4,43,75,9.17,US,1602534497
379,Faanui,-16.48,-151.75,78.58,80,4,14.83,PF,1602534497
380,Valdivia,-39.81,-73.25,69.8,37,2,8.05,CL,1602534497
381,Brae,60.4,-1.35,48.2,76,40,17.22,GB,1602534498
382,Nuuk,64.18,-51.72,41.0,93,75,8.05,GL,1602534481
383,Cap-aux-Meules,47.38,-61.86,44.6,64,20,9.17,CA,1602534498
384,Angol,-37.8,-72.72,77.0,25,0,16.11,CL,1602534418
385,Saint Paul Harbor,57.79,-152.41,35.6,71,90,6.93,US,1602534498
386,Igarka,67.47,86.58,26.01,98,100,16.64,RU,1602534498
387,Esperance,-33.87,121.9,48.2,100,1,6.93,AU,1602534499
388,Lorengau,-2.02,147.27,81.52,79,100,7.7,PG,1602534499
389,Villacarrillo,38.12,-3.08,52.9,44,0,4.83,ES,1602534499
390,Voh,-20.97,164.7,75.29,80,76,4.65,NC,1602534499
391,Rakai,-0.72,31.48,62.08,93,80,6.06,UG,1602534499
392,Basco,20.45,121.97,81.45,83,38,18.57,PH,1602534499
393,Yazd,31.9,54.37,51.8,14,0,2.24,IR,1602534471
394,Svirsk,53.09,103.33,23.59,86,0,3.87,RU,1602534499
395,Napier City,-39.48,176.92,56.8,91,100,9.4,NZ,1602534500
396,Ndélé,8.41,20.65,73.74,85,100,0.85,CF,1602534500
397,Onda,39.97,-0.25,60.01,58,0,3.8,ES,1602534500
398,Hudiksvall,61.73,17.1,43.88,88,99,9.53,SE,1602534422
399,Bull Savanna,17.89,-77.59,82.35,75,70,5.44,JM,1602534500
400,Marfino,55.7,37.38,55.4,100,90,4.47,RU,1602534500
401,Broken Hill,-31.95,141.43,57.2,58,0,4.7,AU,1602534501
402,Tashtyp,52.79,89.9,38.12,91,100,6.85,RU,1602534501
403,Vostochnyy,55.82,37.87,55.0,87,90,4.47,RU,1602534501
404,Alice Springs,-23.7,133.88,55.4,54,0,3.36,AU,1602534501
405,Moussoro,13.64,16.49,94.87,26,100,5.5,TD,1602534501
406,Warrington,53.39,-2.58,51.8,81,40,14.99,GB,1602534501
407,Yashkino,55.87,85.43,42.8,100,90,8.95,RU,1602534502
408,Vostok,46.49,135.88,30.51,98,73,4.07,RU,1602534502
409,Torbay,47.67,-52.73,46.99,61,20,19.46,CA,1602534502
410,Umm Hājar,13.3,19.7,89.42,37,0,6.58,TD,1602534502
411,Sulina,45.16,29.65,67.66,79,96,13.51,RO,1602534502
412,Praia da Vitória,38.73,-27.07,66.2,82,75,14.34,PT,1602534502
413,Puebloviejo,10.99,-74.28,89.01,70,29,7.0,CO,1602534503
414,Georgiyevka,43.04,74.71,37.4,69,0,4.47,KZ,1602534503
415,Forsytheganj,52.63,29.73,52.72,91,79,4.23,BY,1602534503
416,Podgornoye,51.73,39.15,51.8,100,75,1.5,RU,1602534503
417,Udachny,66.42,112.4,12.2,92,0,4.47,RU,1602534503
418,Florianópolis,-27.61,-48.5,75.99,47,0,19.46,BR,1602534481
419,Plettenberg Bay,-34.05,23.37,61.43,55,52,6.38,ZA,1602534503
420,Ardakān,32.31,54.02,51.8,14,0,2.24,IR,1602534503
421,Fortuna Foothills,32.66,-114.41,97.0,13,1,8.05,US,1602534504
422,Taltal,-25.4,-70.48,65.3,55,22,6.44,CL,1602534504
423,Kenai,60.55,-151.26,46.0,75,40,5.82,US,1602534504
424,Sampit,-2.53,112.95,74.08,91,90,1.77,ID,1602534504
425,Northam,51.03,-4.22,53.01,82,29,5.01,GB,1602534504
426,Nome,64.5,-165.41,33.8,47,40,11.41,US,1602534504
427,Shimoda,34.67,138.95,60.01,95,1,2.3,JP,1602534504
428,Ulaangom,49.98,92.07,32.97,91,100,1.19,MN,1602534504
429,City of San Pedro,14.35,121.02,78.8,94,75,2.24,PH,1602534505
430,Kasempa,-13.46,25.83,69.17,69,89,4.7,ZM,1602534505
431,Port Moresby,-9.44,147.18,78.8,88,75,5.82,PG,1602534505
432,Kainantu,-6.29,145.87,56.93,93,99,1.59,PG,1602534505
433,Usvyaty,55.75,30.75,51.03,96,100,3.49,RU,1602534505
434,Terrace,54.52,-128.6,46.4,87,75,11.41,CA,1602534505
435,Pirogovo,56.78,53.15,46.0,50,47,9.06,RU,1602534506
436,Ruidoso,33.33,-105.67,73.0,14,1,5.82,US,1602534506
437,Mopipi,-21.18,24.88,71.96,55,0,20.31,BW,1602534506
438,Lerwick,60.15,-1.15,48.2,76,40,17.22,GB,1602534506
439,Bonavista,48.65,-53.11,48.0,68,95,7.0,CA,1602534506
440,Onega,63.91,38.14,48.16,95,100,6.71,RU,1602534506
441,Nzega,-2.48,29.56,58.51,91,48,1.99,RW,1602534506
442,Alyangula,-13.85,136.42,68.0,94,91,6.11,AU,1602534507
443,Steinbach am Taunus,50.17,8.57,52.0,93,20,3.36,DE,1602534507
444,Tiznit Province,29.58,-9.5,78.24,28,23,1.21,MA,1602534507
445,Comodoro Rivadavia,-45.87,-67.5,73.4,23,5,32.21,AR,1602534507
446,Japura,-0.32,102.35,74.43,87,100,0.6,ID,1602534507
447,Digha,21.68,87.55,80.73,83,70,5.88,IN,1602534507
448,Coahuayana Viejo,18.73,-103.68,77.0,78,75,7.4,MX,1602534508
449,Fes,34.04,-5.0,69.8,46,0,5.82,MA,1602534508
450,Lata,40.16,-8.33,60.01,87,0,5.82,PT,1602534508
451,Half Moon Bay,37.46,-122.43,80.01,38,5,3.36,US,1602534357
452,Ahipara,-35.17,173.17,60.66,96,96,8.01,NZ,1602534508
453,Motozintla,15.37,-92.23,91.4,66,20,9.17,MX,1602534508
454,Vyazemskiy,47.54,134.75,35.78,85,39,6.58,RU,1602534508
455,Diamantino,-14.41,-56.45,94.23,32,74,6.08,BR,1602534509
456,Elmadağ,39.92,33.23,66.99,48,100,3.36,TR,1602534509
457,Tomiño,41.99,-8.76,64.99,87,75,3.36,ES,1602534509
458,Pimentel,-6.84,-79.93,71.6,64,47,23.04,PE,1602534509
459,Copiapó,-27.37,-70.33,62.6,63,0,13.87,CL,1602534406
460,Azare,11.68,10.19,82.56,32,8,2.04,NG,1602534509
461,Kaseda-shirakame,31.42,130.32,64.0,88,0,5.01,JP,1602534223
462,Tsalka,41.59,44.09,46.17,79,0,3.6,GE,1602534509
463,Colombo,6.93,79.85,82.4,78,40,11.41,LK,1602534510
464,Mackay,-21.15,149.2,73.4,73,40,14.99,AU,1602534510
465,Abnūb,27.27,31.15,82.4,45,1,10.29,EG,1602534510
466,Hualmay,-11.1,-77.61,67.51,70,20,10.83,PE,1602534510
467,Vila Velha,-20.33,-40.29,73.99,94,90,3.36,BR,1602534213
468,Divnoye,45.91,43.35,56.46,83,9,7.45,RU,1602534510
469,Luz,-19.8,-45.69,75.13,68,99,3.83,BR,1602534511
470,Juan Lacaze,-34.43,-57.44,66.2,68,20,6.93,UY,1602534511
471,Atakpamé,7.53,1.13,74.93,86,24,3.11,TG,1602534511
472,Bañón,40.84,-1.19,57.2,50,0,6.93,ES,1602534511
473,Miragoâne,18.44,-73.09,83.5,72,100,1.92,HT,1602534511
474,Rexburg,43.83,-111.79,62.01,38,1,25.28,US,1602534510
475,Sheffield,53.38,-1.47,50.0,83,1,1.01,GB,1602534430
476,Ust'-Omchug,61.15,149.63,31.66,97,100,3.02,RU,1602534511
477,Kedrovyy,56.17,91.82,33.8,99,100,2.24,RU,1602534512
478,Yangi Marg`ilon,40.43,71.72,48.2,81,0,6.93,UZ,1602534512
479,Bundaberg,-24.85,152.35,66.99,77,4,6.93,AU,1602534512
480,Lixouri,38.2,20.43,72.19,79,84,27.0,GR,1602534512
481,Hachinohe,40.5,141.5,60.8,87,20,6.93,JP,1602534512
482,Ta Khmau,11.48,104.95,77.0,88,75,3.36,KH,1602534512
483,Turka,49.15,23.03,48.99,90,100,5.99,UA,1602534512
484,Hobyo,5.35,48.53,79.68,80,0,14.67,SO,1602534513
485,Lugovoy,42.95,72.76,43.75,54,0,3.13,KZ,1602534513
486,Poronaysk,49.22,143.12,48.04,87,100,9.08,RU,1602534513
487,Pechora,65.15,57.22,42.53,94,100,7.56,RU,1602534513
488,Sri Aman,1.24,111.46,75.2,100,100,2.24,MY,1602534513
489,Cockburn Town,21.46,-71.14,86.0,70,40,8.05,TC,1602534358
490,Vila,42.03,-8.16,60.01,83,90,3.0,PT,1602534514
491,Māngrol,21.12,70.12,82.58,64,5,7.05,IN,1602534514
492,Longyan,25.11,117.02,68.81,88,38,3.51,CN,1602534514
493,Maragogi,-9.01,-35.22,77.4,77,13,8.9,BR,1602534408
494,Ugep,5.81,8.08,75.33,93,100,5.68,NG,1602534514
495,Manavālakurichi,8.13,77.3,80.6,94,40,4.7,IN,1602534514
496,Kolpashevo,58.31,82.91,36.09,98,100,1.34,RU,1602534514
497,Okha,53.57,142.95,41.32,85,96,3.87,RU,1602534515
498,Piteå,65.32,21.48,44.6,93,90,4.7,SE,1602534515
499,San Jerónimo,-11.95,-75.28,58.96,45,88,9.19,PE,1602534515
500,General Pico,-35.66,-63.76,79.21,23,0,3.62,AR,1602534515
501,Sambava,-14.27,50.17,75.27,87,45,7.92,MG,1602534515
502,Litovko,49.24,135.17,35.24,85,46,5.64,RU,1602534516
503,Tuatapere,-46.13,167.68,50.0,84,72,7.0,NZ,1602534516
504,Wagar,16.15,36.2,86.67,40,0,13.09,SD,1602534516
505,Qingdao,36.1,120.37,57.99,76,99,6.71,CN,1602534516
506,Kotri,25.37,68.31,86.31,16,14,3.56,PK,1602534516
507,Caarapó,-22.63,-54.82,91.96,30,1,2.35,BR,1602534516
508,The Valley,18.22,-63.06,87.8,74,20,10.29,AI,1602534516
509,Adrar,20.5,-10.07,89.64,33,100,9.82,MR,1602534516
510,Dawlatabad,36.41,64.91,49.14,47,0,4.97,AF,1602534517
511,Puerto Escondido,15.85,-97.07,87.8,66,40,8.05,MX,1602534517
512,Tateyama,34.98,139.87,71.01,100,75,4.29,JP,1602534517
513,Burnie,-41.07,145.92,48.99,68,4,14.0,AU,1602534517
514,Fortuna,40.6,-124.16,75.0,64,1,14.99,US,1602534517
515,Kindia,10.06,-12.87,71.47,99,100,2.8,GN,1602534517
516,Mil'kovo,54.72,158.62,31.01,87,96,1.81,RU,1602534517
517,Yantal',56.85,105.25,20.34,93,63,2.26,RU,1602534518
518,Uglovskoye,51.36,80.19,46.54,79,100,14.2,RU,1602534518
519,Paamiut,61.99,-49.67,40.3,90,100,21.45,GL,1602534518
520,Gigmoto,13.78,124.39,80.65,83,96,5.32,PH,1602534518
521,Rome,43.21,-75.46,57.2,50,75,10.29,US,1602534485
522,Guánica,17.97,-66.91,82.99,72,100,1.01,PR,1602534518
523,Egvekinot,66.32,-179.17,21.79,96,7,7.7,RU,1602534518
524,Kuznechikha,57.22,42.33,46.87,86,100,5.86,RU,1602534519
525,Wanning,18.8,110.4,77.81,85,100,18.3,CN,1602534519
526,Hirado,33.36,129.55,66.0,77,0,8.01,JP,1602534519
527,Mogadishu,2.04,45.34,78.87,82,14,11.72,SO,1602534460
528,Sakaiminato,35.55,133.23,64.4,77,75,1.12,JP,1602534519
529,St. George's,12.06,-61.75,86.0,74,40,13.87,GD,1602534223
530,Pacific Grove,36.62,-121.92,84.99,52,1,3.36,US,1602534373
531,Jadu,31.95,12.03,57.52,68,66,10.18,LY,1602534520
532,Bucerías,20.75,-105.33,89.6,62,75,6.93,MX,1602534326
533,Hays,30.05,-98.03,87.01,34,0,10.0,US,1602534520
534,Meulaboh,4.14,96.13,75.72,86,100,7.54,ID,1602534520
535,Sangar,63.92,127.47,21.13,84,100,10.47,RU,1602534520
536,Nioki,-2.72,17.68,74.16,94,99,2.08,CD,1602534520
537,Bulungu,-4.55,18.6,75.45,76,100,2.01,CD,1602534520
538,Myitkyina,25.38,97.4,74.07,75,0,1.66,MM,1602534521
539,Vilhena,-12.74,-60.15,78.57,66,90,2.59,BR,1602534521
540,Santa Cruz de la Sierra,-17.8,-63.17,93.2,49,75,12.75,BO,1602534295
541,Jaqué,7.52,-78.17,82.04,76,92,5.46,PA,1602534521
542,Port Hedland,-20.32,118.57,73.4,64,0,5.82,AU,1602534521
543,Bitung,1.45,125.18,75.2,94,40,2.24,ID,1602534521
544,Smithers,54.78,-127.17,41.0,80,75,2.24,CA,1602534522
545,Nizwá,22.93,57.53,76.39,24,5,4.23,OM,1602534522
546,Kota Belud,6.35,116.43,77.0,88,20,5.82,MY,1602534522
547,Rafai,4.95,23.92,70.81,93,100,0.72,CF,1602534522
548,Marmora,44.46,7.09,45.0,80,0,3.36,IT,1602534522
549,Aligoodarz,33.4,49.69,47.08,45,0,4.07,IR,1602534522
550,Mamaku,-38.1,176.08,61.0,91,100,5.01,NZ,1602534523
551,Krasnosel'kup,65.7,82.47,31.1,99,95,8.14,RU,1602534523
552,Kudahuvadhoo,2.67,72.89,82.2,79,98,17.54,MV,1602534523
553,Nouadhibou,20.93,-17.03,69.8,94,0,12.75,MR,1602534523
554,Batemans Bay,-35.72,150.18,55.99,95,24,1.99,AU,1602534523
555,Bay City,43.59,-83.89,69.01,72,75,10.29,US,1602534496
556,Hambantota,6.12,81.12,78.8,100,40,11.41,LK,1602534523
557,Ukiah,39.15,-123.21,81.0,29,1,5.91,US,1602534351
558,George,-33.96,22.46,59.0,51,44,2.24,ZA,1602534524
559,Sharjah city,25.36,55.4,88.0,30,0,4.83,AE,1602534475
560,Mossamedes,-15.2,12.15,64.99,80,96,8.41,AO,1602534524
561,Severo-Kuril'sk,50.68,156.12,45.41,79,76,13.91,RU,1602534524
562,Sorong,-0.88,131.25,77.27,89,100,7.49,ID,1602534524
563,Hammerfest,70.66,23.68,37.4,86,75,18.34,NO,1602534295
564,Richards Bay,-28.78,32.04,63.37,79,16,10.85,ZA,1602534525
565,Kasama,-10.21,31.18,74.7,39,87,3.8,ZM,1602534525
566,São João da Barra,-21.64,-41.05,73.4,73,90,13.87,BR,1602534525
567,San Antonio,29.42,-98.49,93.2,41,20,10.29,US,1602534441
568,Yulara,-25.24,130.99,62.6,29,0,5.82,AU,1602534525
569,Lac du Bonnet,50.25,-96.06,55.0,71,0,5.01,CA,1602534525
570,Lamar,33.67,-95.58,79.0,26,1,14.99,US,1602534525
571,Golynki,54.87,31.39,51.55,91,97,5.91,RU,1602534526
572,Poli,-3.33,36.8,73.4,40,7,11.41,TZ,1602534526
573,Ostrovnoy,68.05,39.51,44.13,92,100,5.7,RU,1602534526
574,Laguna,38.42,-121.42,82.99,26,1,9.17,US,1602534526
575,Koshurnikovo,54.17,93.3,29.26,100,100,2.64,RU,1602534526
576,Ciudad Bolivar,8.12,-63.55,91.11,50,5,6.91,VE,1602534526
577,Ambulu,-8.35,113.61,74.5,86,36,3.6,ID,1602534526
578,Mountain Home,43.13,-115.69,69.8,30,1,14.99,US,1602534527
579,Thinadhoo,0.53,72.93,81.72,76,96,13.35,MV,1602534291
580,Tual,-5.67,132.75,81.34,84,100,16.2,ID,1602534315
581,Snina,48.99,22.15,48.99,91,100,3.0,SK,1602534527
582,Iberia,29.95,-91.75,91.99,62,40,9.17,US,1602534380
583,Chu,43.6,73.76,45.05,50,0,4.09,KZ,1602534527
584,Nelson Bay,-32.72,152.15,60.01,100,20,5.82,AU,1602534527
585,Chara,56.91,118.26,20.73,82,100,5.7,RU,1602534527
586,San Cristobal,7.77,-72.22,93.2,34,40,19.46,VE,1602534281
587,Disna,55.57,28.2,49.95,94,100,2.13,BY,1602534528
588,Buta,2.79,24.73,69.48,96,99,0.81,CD,1602534528
589,Júlio de Castilhos,-29.23,-53.68,70.07,63,0,11.5,BR,1602534380
590,Muros,42.78,-9.06,60.01,94,59,7.36,ES,1602534528
591,Pemba,-12.97,40.52,78.8,83,75,11.41,MZ,1602534528
592,Jerantut,3.94,102.36,74.07,94,100,0.63,MY,1602534528
593,Omsukchan,62.53,155.8,30.76,84,100,6.85,RU,1602534529
594,Qaqortoq,60.72,-46.03,53.6,86,100,12.75,GL,1602534529
595,Minyar,55.07,57.55,43.52,62,100,4.38,RU,1602534529
596,Acqui Terme,44.68,8.47,46.99,76,0,3.47,IT,1602534529
597,Nabire,-3.37,135.48,75.7,89,100,3.15,ID,1602534306
598,Villarrica,-25.75,-56.43,93.79,19,0,8.41,PY,1602534529
599,Mwadui,-3.55,33.6,81.39,40,90,6.24,TZ,1602534529
600,Chokwé,-24.53,32.98,61.77,88,0,3.47,MZ,1602534529
